,ID,first_name,last_name,dob,dob,version,last_name,first_name,report_synch,email,able_bodied,national_id,educated_level,chronic_illness,national_id_type,number_of_elderly,number_of_children,beneficiary_data_source
0,c9067762-5f13-46ac-b357-c1f73fa7a3f8,RELEASE_TEST4,RELEASE_TEST4,1977-07-16,1977-07-16,4,RELEASE_TEST4,RELEASE_TEST4,true,,,,,,,,,
1,e550759e-5f6b-4d07-bb1e-0f1b42ab0cd0,RELEASE_TEST5,RELEASE_TEST5,1999-07-17,1999-07-17,4,RELEASE_TEST5,RELEASE_TEST5,true,,,,,,,,,
2,9b0d091c-fd34-48d0-b9ff-d37b6cc3eb08,RELEASE_TEST2222,RELEASE_TEST2222,1983-07-14,1983-07-14,3,RELEASE_TEST2,RELEASE_TEST2,true,,,,,,,,,
3,282f0603-f7e0-481f-9110-8096cad5ab43,RELEASE_TEST3,RELEASE_TEST3,1986-07-15,1986-07-15,3,RELEASE_TEST3,RELEASE_TEST3,true,,,,,,,,,
4,ec954978-5c59-453b-bebd-8c521f1a0985,RELEASE_TEST6,RELEASE_TEST6,1991-07-18,1991-07-18,2,RELEASE_TEST6,RELEASE_TEST6,true,,,,,,,,,
5,224c3e12-e3aa-462a-b8b6-6dafe9e06afd,TEST_SCHEMA4,TEST_SCHEMA4,1993-07-15,1993-07-15,4,TEST_SCHEMA4,TEST_SCHEMA4,true,test2@test.com,True,PAS0004,high,False,passport,1.0,3.0,TEST_SCHEMA_PROGRAMME
6,5532c32e-c5c1-43e6-a03a-2732454c3431,TEST_SCHEMA16,TEST_SCHEMA16,1993-07-27,1993-07-27,2,TEST_SCHEMA16,TEST_SCHEMA16,true,test2@test.com,True,PAS0016,high,False,passport,0.0,6.0,TEST_SCHEMA_PROGRAMME
7,c3e225c8-06c8-4cb0-b64f-0519fe5f3708,TEST_SCHEMA15,TEST_SCHEMA15,1993-07-26,1993-07-26,2,TEST_SCHEMA15,TEST_SCHEMA15,true,test1@test.com,True,PAS0015,medium,False,passport,0.0,5.0,TEST_SCHEMA_PROGRAMME
8,ef327b88-dbd5-40f5-832a-edbe7936e473,TEST_SCHEMA,TEST_SCHEMA,1993-07-14,1993-07-14,2,TEST_SCHEMA,TEST_SCHEMA,true,ffff@test.com,True,PAS0001,medium,False,passport,2.0,2.0,TEST_SCHEMA_PROGRAMME
9,8a7c4c2b-e0c8-4303-909e-7e81354a83e9,TEST_SCHEMA14,TEST_SCHEMA14,1993-07-25,1993-07-25,2,TEST_SCHEMA14,TEST_SCHEMA14,true,test2@test.com,True,PAS0014,basic,False,passport,0.0,4.0,TEST_SCHEMA_PROGRAMME
10,5804f1bb-a614-483a-92ba-f9dda0bc98be,TEST_SCHEMA17,TEST_SCHEMA17,1993-07-28,1993-07-28,2,TEST_SCHEMA17,TEST_SCHEMA17,true,test1@test.com,True,PAS0017,medium,False,passport,0.0,7.0,TEST_SCHEMA_PROGRAMME
11,1a36b3ad-b6b1-4f25-99e4-767b81d30770,TEST_SCHEMA19,TEST_SCHEMA19,1993-07-30,1993-07-30,2,TEST_SCHEMA19,TEST_SCHEMA19,true,test1@test.com,True,PAS0019,medium,False,passport,0.0,5.0,TEST_SCHEMA_PROGRAMME
12,d26260de-1214-4e32-8220-9d4e80f041db,TEST_SCHEMA2,TEST_SCHEMA2,1993-07-15,1993-07-15,2,TEST_SCHEMA2,TEST_SCHEMA2,true,dddd@test.com,False,PAS0002,high,False,passport,1.0,3.0,TEST_SCHEMA_PROGRAMME
13,aa5b7bf8-f13a-4009-86fc-9505b572eca7,TEST_SCHEMA18,TEST_SCHEMA18,1993-07-29,1993-07-29,2,TEST_SCHEMA18,TEST_SCHEMA18,true,test2@test.com,True,PAS0018,high,False,passport,0.0,4.0,TEST_SCHEMA_PROGRAMME
14,b17b9763-1d5b-4536-88c7-0a93f964ea53,TEST_SCHEMA3,TEST_SCHEMA3,1993-07-14,1993-07-14,2,TEST_SCHEMA3,TEST_SCHEMA3,true,test1@test.com,True,PAS0003,medium,False,passport,2.0,2.0,TEST_SCHEMA_PROGRAMME
15,b35ff4dc-9fff-4691-adbb-12b619a205d8,RELEASE_TEST,RELEASE_TEST,1993-07-14,1993-07-14,2,RELEASE_TEST,RELEASE_TEST,true,,,,,,,,,
16,7e82be03-1b1a-499f-a737-e6fe19a30937,UPLOAD_INDIVIDUAL7,UPLOAD_INDIVIDUAL7,1993-07-14,,2,,,true,,,,,,,,,UPLOAD_INDIVIDUAL
17,eaa76ef4-4938-49d6-92a2-f2a183a69618,UPLOAD_INDIVIDUAL8,UPLOAD_INDIVIDUAL8,1977-07-16,,2,,,true,,,,,,,,,UPLOAD_INDIVIDUAL
18,4d7037f8-6cd8-4e3b-a159-51027105fc0f,UPLOAD_INDIVIDUAL9,UPLOAD_INDIVIDUAL9,2000-07-16,,2,,,true,,,,,,,,,UPLOAD_INDIVIDUAL
19,21566ea7-e76c-4501-8717-50e8a358447a,UPLOAD_INDIVIDUAL10,UPLOAD_INDIVIDUAL10,2000-07-16,,2,,,true,,,,,,,,,UPLOAD_INDIVIDUAL
20,61d12ea7-e512-40b5-a9c2-618f223cd394,UPLOAD_INDIVIDUAL11,UPLOAD_INDIVIDUAL11,2000-07-16,,2,,,true,,,,,,,,,UPLOAD_INDIVIDUAL
21,10a2b754-45c1-4067-b50b-eef24b965f0d,UPLOAD_INDIVIDUAL12,UPLOAD_INDIVIDUAL12,2000-07-16,,2,,,true,,,,,,,,,UPLOAD_INDIVIDUAL
